{
    "metrics": {
        "http_req_sending": {
            "p(90)": 0.042100000000000005,
            "p(95)": 0.064,
            "avg": 0.03511999999999998,
            "min": 0.007,
            "med": 0.021,
            "max": 0.469
        },
        "http_req_duration{expected_response:true}": {
            "avg": 20.07149664429529,
            "min": 6.26,
            "med": 18.73,
            "max": 82.894,
            "p(90)": 25.118800000000004,
            "p(95)": 33.92339999999998
        },
        "invoice_path_count": {
            "count": 6,
            "rate": 0.19577602778662215,
            "thresholds": {
                "count>0": false
            }
        },
        "checks": {
            "passes": 149,
            "fails": 1,
            "value": 0.9933333333333333
        },
        "gateway_path_count": {
            "count": 107,
            "rate": 3.4913391621947616,
            "thresholds": {
                "count>0": false
            }
        },
        "http_req_receiving": {
            "min": 0.069,
            "med": 0.219,
            "max": 0.696,
            "p(90)": 0.4312,
            "p(95)": 0.5178999999999999,
            "avg": 0.25206666666666666
        },
        "data_sent": {
            "count": 44288,
            "rate": 1445.0881197689869
        },
        "skipped_optional_path_count": {
            "count": 0,
            "rate": 0,
            "thresholds": {
                "count==0": false
            }
        },
        "http_reqs": {
            "count": 150,
            "rate": 4.894400694665554
        },
        "http_req_waiting": {
            "avg": 19.73592666666667,
            "min": 5.879,
            "med": 18.3985,
            "max": 82.019,
            "p(90)": 24.670000000000005,
            "p(95)": 33.17219999999998
        },
        "http_req_connecting": {
            "avg": 0.009246666666666669,
            "min": 0,
            "med": 0,
            "max": 0.31,
            "p(90)": 0,
            "p(95)": 0
        },
        "http_req_tls_handshaking": {
            "max": 0,
            "p(90)": 0,
            "p(95)": 0,
            "avg": 0,
            "min": 0,
            "med": 0
        },
        "usage_path_count": {
            "count": 31,
            "rate": 1.0115094768975479,
            "thresholds": {
                "count>0": false
            }
        },
        "vus": {
            "value": 5,
            "min": 5,
            "max": 5
        },
        "webhook_path_count": {
            "count": 6,
            "rate": 0.19577602778662215,
            "thresholds": {
                "count>0": false
            }
        },
        "http_req_blocked": {
            "avg": 0.05213999999999995,
            "min": 0.002,
            "med": 0.005,
            "max": 1.509,
            "p(90)": 0.008100000000000003,
            "p(95)": 0.014849999999999952
        },
        "data_received": {
            "rate": 1989.6391410574765,
            "count": 60977
        },
        "vus_max": {
            "value": 5,
            "min": 5,
            "max": 5
        },
        "iteration_duration": {
            "med": 1019.65625,
            "max": 1086.851583,
            "p(90)": 1026.151333,
            "p(95)": 1036.711175,
            "avg": 1021.1920371799997,
            "min": 1006.593791
        },
        "iterations": {
            "count": 150,
            "rate": 4.894400694665554
        },
        "http_req_failed": {
            "passes": 1,
            "fails": 149,
            "thresholds": {
                "rate<0.05": false
            },
            "value": 0.006666666666666667
        },
        "http_req_duration": {
            "max": 82.894,
            "p(90)": 25.007900000000003,
            "p(95)": 33.76994999999998,
            "avg": 20.023113333333324,
            "min": 6.26,
            "med": 18.6505
        }
    },
    "root_group": {
        "id": "d41d8cd98f00b204e9800998ecf8427e",
        "groups": {},
        "checks": {
                "gateway accepted request": {
                    "id": "2ed3af7104e4027d7d0d591c973eb29f",
                    "passes": 107,
                    "fails": 0,
                    "name": "gateway accepted request",
                    "path": "::gateway accepted request"
                },
                "usage accepted request": {
                    "name": "usage accepted request",
                    "path": "::usage accepted request",
                    "id": "6c7fd03346fc77964ea4dbb0d9a4f5d7",
                    "passes": 31,
                    "fails": 0
                },
                "invoice generation accepted or replayed": {
                    "path": "::invoice generation accepted or replayed",
                    "id": "b376c9a2cc91a522e69d0fa598e13952",
                    "passes": 6,
                    "fails": 0,
                    "name": "invoice generation accepted or replayed"
                },
                "payment webhook processed": {
                    "name": "payment webhook processed",
                    "path": "::payment webhook processed",
                    "id": "b936f038accb01cd71e320967d4fc5fc",
                    "passes": 5,
                    "fails": 1
                }
            },
        "name": "",
        "path": ""
    }
}